Auteur;Titre;editeur
ARMAND, Roberte;Les 3 N et l'Çtrange voisin;Bibliotheque rose
ARMAND, Roberte;Les 3 N et les jumelles;Bibliotheque rose
ARMAND, Roberte;Les 3 N et le bouton d'argent;Bibliotheque rose
ARMAND, Roberte;Les 3 N et la pàche miraculeuse;Bibliotheque rose
ARMAND, Roberte;Les 3 N et l'Çpouvantail;Bibliotheque rose
ARMAND, Roberte;Les 3 N tendent un piäge;Bibliotheque rose
ARMAND, Roberte;Les 3 N et le puits hantÇ;Bibliotheque rose
ARMAND, Roberte;Les 3 N sont sur la voie;Bibliotheque rose
ARMAND, Roberte;Les 3 N dans l'åle aux cygnes;Bibliotheque rose
ARMAND, Roberte;Les 3 N et le serpent python;Bibliotheque rose
ARMAND, Roberte;Les 3 N et les chats birmans;Bibliotheque rose
BLYTON, Enid;L'êcole de la piste;Bibliotheque rose
BLYTON, Enid;Le chien savant a disparu;Bibliotheque rose
BLYTON, Enid;Tempàte sous le chapiteau;Bibliotheque rose
BLYTON, Enid;L'Affiche aux singes verts;Bibliotheque rose
BLYTON, Enid;Le Mystäre de la cascade;Bibliotheque rose
BLYTON, Enid;Le Mystäre du golfe bleu;Bibliotheque rose
BLYTON, Enid;Le Mystäre de l'hÇlicoptäre;Bibliotheque rose
BLYTON, Enid;Le Mystäre du vaisseau perdu;Bibliotheque rose
BLYTON, Enid;Le Mystäre du Mondial Circus;Bibliotheque rose
BLYTON, Enid;Le Mystäre de la riviäre noire;Bibliotheque rose
BLYTON, Enid;Le Mystäre de l'åle verte;Bibliotheque rose
BLYTON, Enid;Le Mystäre de la tour de guet;Bibliotheque rose
BLYTON, Enid;Le Mystäre de la montagne jaune;Bibliotheque rose
BLYTON, Enid;Le Mystäre de la foràt bleue;Bibliotheque rose
BLYTON, Enid;Le Mystäre du donjon noir;Bibliotheque rose
BLYTON, Enid;Le Mystäre du voleur invisible;Bibliotheque rose
BLYTON, Enid;Le Mystäre du chat siamois;Bibliotheque rose
BLYTON, Enid;Le Mystäre du camp de vacances;Bibliotheque rose
BLYTON, Enid;Le Mystäre du camion fantìme;Bibliotheque rose
BLYTON, Enid;Le Mystäre de la maison des bois;Bibliotheque rose
BLYTON, Enid;Le Mystäre du pavillon rose;Bibliotheque rose
BLYTON, Enid;Le Mystäre du sac magique;Bibliotheque rose
BLYTON, Enid;Le Mystäre de la maison vide;Bibliotheque rose
BLYTON, Enid;Le Mystäre des enveloppes mauves;Bibliotheque rose
BLYTON, Enid;Le Mystäre de la chaloupe verte;Bibliotheque rose
HICKS, C. B.;Alain Fernal l'intrÇpide;Bibliotheque rose
HICKS, C. B.;Le Jour de gloire d'Alain Fernal;Bibliotheque rose
HICKS, C. B.;Le Code secret d'Alain Fernal;Bibliotheque rose
HICKS, C. B.;Alain Fernal, roi du troc;Bibliotheque rose
HICKS, C. B.;Les Fabuleuses inventions d'Alain Fernal;Bibliotheque rose
WEIR, Rosemary;Albert, le dragon;Bibliotheque rose
WEIR, Rosemary;Albert le dragon et l'enchanteur;Bibliotheque rose
WEIR, Rosemary;La Grande randonnÇe d'Albert le dragon;Bibliotheque rose
WEIR, Rosemary;Le Grand ràve d'Albert le Dragon;Bibliotheque rose
WEIR, Rosemary;L'Anniversaire d'Albert le dragon;Bibliotheque rose
WEIR, Rosemary;Le Tour du monde d'Albert le dragon;Bibliotheque rose
ROBERT, Bob;Amis, ennemis;Bibliotheque rose
ROBERT, Bob;Une Heureuse rencontre;Bibliotheque rose
ROBERT, Bob;Le Grand voyage;Bibliotheque rose
ROBERT, Bob;Le Foulard rouge;Bibliotheque rose
BLYTON, Enid;Histoires de la pipe en terre;Bibliotheque rose
BLYTON, Enid;Histoires du coffre Ö jouets;Bibliotheque rose
BLYTON, Enid;Un chien pour Dominique;Bibliotheque rose
BLYTON, Enid;Histoires du sapin de Noâl;Bibliotheque rose
BLYTON, Enid;Le Souterrain des trois amis;Bibliotheque rose
BLYTON, Enid;Histoires de la maison de poupÇe;Bibliotheque rose
BLYTON, Enid;Histoires du cheval Ö bascule;Bibliotheque rose
BLYTON, Enid;Histoires du marchand de sable;Bibliotheque rose
BLYTON, Enid;Histoires des ciseaux d'argent;Bibliotheque rose
BLYTON, Enid;Histoires de la cabane Ö outils;Bibliotheque rose
BLYTON, Enid;Histoires de grenier de grand-märe;Bibliotheque rose
BLYTON, Enid;Histoires des trois loups de mer;Bibliotheque rose
BLYTON, Enid;Histoires du sac Ö malices;Bibliotheque rose
BLYTON, Enid;Histoires de la ruche Ö miel;Bibliotheque rose
BLYTON, Enid;Histoires de la boite de couleurs;Bibliotheque rose
GRANT, John;Bibi Cromagnon et son mammouth;Bibliotheque rose
GRANT, John;Bibi Cromagnon change de caverne;Bibliotheque rose
GRANT, John;Bibi Cromagnon part Ö l'aventure;Bibliotheque rose
GRANT, John;Bibi Cromagnon Ö la chasse au lion;Bibliotheque rose
GRANT, John;Bibi Cromagnon sauve la tribu;Bibliotheque rose
GRANT, John;Bibi Cromagnon Ö la pàche au saumon;Bibliotheque rose
GONTIER, Josette;Les Belles histoires des Bisounours;Bibliotheque rose
GONTIER, Josette;Les Bonnes idÇes des Bisounours;Bibliotheque rose
GONTIER, Josette;Les Aventures extraordinaires des Bisounours;Bibliotheque rose
GONTIER, Josette;Au secours les Bisounours !;Bibliotheque rose
SOBOL, Donald J.;Les ênigmes de Bobby-la-Science;Bibliotheque rose
SOBOL, Donald J.;Bobby-la-Science et les 40 voleurs;Bibliotheque rose
SOBOL, Donald J.;Bobby-la-science a des problämes;Bibliotheque rose
SOBOL, Donald J.;Bobby-la-science traque et trouve;Bibliotheque rose
SOBOL, Donald J.;Bobby-la-science et les filous;Bibliotheque rose
BLYTON, Enid;Boum le petit tambour;Bibliotheque rose
BLYTON, Enid;Boum, sa grosse caisse et son petit chien;Bibliotheque rose
BLYTON, Enid;Boum et les trois voleurs;Bibliotheque rose
BLYTON, Enid;Boum et le petit ours;Bibliotheque rose
BLYTON, Enid;Boum et l'arc-en-ciel;Bibliotheque rose
BLYTON, Enid;Boum et le clown;Bibliotheque rose
BLYTON, Enid;Boum dans la ville enchantÇe;Bibliotheque rose
BLYTON, Enid;Boum au bord de la mer;Bibliotheque rose
NORCY, Jean-Franáois;Buldo, poisson malin;Bibliotheque rose
NORCY, Jean-Franáois;Les Nouvelles ruses de Buldo;Bibliotheque rose
NORCY, Jean-Franáois;Buldo et le tonneau mystÇrieux;Bibliotheque rose
ROBERT, Bob;Candy Fleur-de-Neige;Bibliotheque rose
ROBERT, Bob;Le Retour de Candy;Bibliotheque rose
ROBERT, Bob;Candy au colläge;Bibliotheque rose
ROBERT, Bob;Candy infirmiäre;Bibliotheque rose
ROBERT, Bob;Les Vacances de Candy;Bibliotheque rose
ROBERT, Bob;Les Succäs de Candy;Bibliotheque rose
ROBERT, Bob;Un nouvel ami pour Candy;Bibliotheque rose
ROBERT, Bob;Bonne chance, Candy !;Bibliotheque rose
ROBERT, Bob;Candy tremble pour Capucin;Bibliotheque rose
ROBERT, Bob;Candy et la poupÇe de chiffon;Bibliotheque rose
ROBERT, Bob;Le Secret de Candy;Bibliotheque rose
ROBERT, Bob;Candy mäne l'enquàte;Bibliotheque rose
ROBERT, Bob;Candy joue la comÇdie;Bibliotheque rose
ROBERT, Bob;Un ràve de Candy;Bibliotheque rose
ROBERT, Bob;Candy et le chat persan;Bibliotheque rose
ROBERT, Bob;Candy contre Candy;Bibliotheque rose
ROBERT, Bob;Mission Çtrange pour Candy;Bibliotheque rose
ROBERT, Bob;Candy et la lettre mystÇrieuse;Bibliotheque rose
ROBERT, Bob;Candy monte en ballon;Bibliotheque rose
ROBERT, Bob;Un rìle en or pour Candy;Bibliotheque rose
LELIO;Caroline et le serpent Ö plumes;Bibliotheque rose
LELIO;Caroline et le train surprise;Bibliotheque rose
LELIO;Caroline et le ballon voyageur;Bibliotheque rose
LELIO;Caroline et la pÇpite d'or;Bibliotheque rose
LELIO;Caroline et la petite siräne;Bibliotheque rose
LELIO;Caroline chez les Rigolkiri;Bibliotheque rose
LELIO;Caroline et la soucoupe volante;Bibliotheque rose
LELIO;Caroline et la panthäre mauve;Bibliotheque rose
IZARD, Christophe;Casimir casse sa tirelire;Bibliotheque rose
IZARD, Christophe;Casimir, tu veux rire !;Bibliotheque rose
IZARD, Christophe;Casimir veut concourir;Bibliotheque rose
DISNEY, Walt;Les Castors juniors et les Martiens;Bibliotheque rose
DISNEY, Walt;Les Castors juniors astronautes;Bibliotheque rose
DISNEY, Walt;Les Castors juniors et la carte mystÇrieuse;Bibliotheque rose
DISNEY, Walt;Les Castors juniors sauvent Picsou ;Bibliotheque rose
DISNEY, Walt;Les Castors juniors et la source d'or;Bibliotheque rose
BAYARD, Georges;CÇsar fait du ski;Bibliotheque rose
BAYARD, Georges;CÇsar et la clef du mystäre;Bibliotheque rose
BAYARD, Georges;CÇsar au royaume de la Chine;Bibliotheque rose
LESPRIT, Edith;Cha-Fou, le chat marin;Bibliotheque rose
LESPRIT, Edith;Cha-Fou dans la jungle;Bibliotheque rose
LESPRIT, Edith;Cha-Fou dans la pampa;Bibliotheque rose
FISCHER, Marie-Louise;Au secours cher fantìme !;Bibliotheque rose
FISCHER, Marie-Louise;Merci, cher fantìme !;Bibliotheque rose
FISCHER, Marie-Louise;Christine la sauvageonne;Bibliotheque rose
FISCHER, Marie-Louise;Christine joue la comÇdie;Bibliotheque rose
FISCHER, Marie-Louise;Christine gagne la partie;Bibliotheque rose
VOILIER, Claude;Les Cinq sont les plus forts ;Bibliotheque rose
VOILIER, Claude;Les Cinq au bal des espions ;Bibliotheque rose
VOILIER, Claude;Le Marquis appelle les Cinq ;Bibliotheque rose
VOILIER, Claude;Les Cinq au Cap des tempàtes ;Bibliotheque rose
VOILIER, Claude;Les Cinq Ö la TÇlÇvision;Bibliotheque rose
VOILIER, Claude;Les Cinq et les pirates du ciel;Bibliotheque rose
VOILIER, Claude;Les Cinq contre le masque noir ;Bibliotheque rose
VOILIER, Claude;Les Cinq et le galion d'or;Bibliotheque rose
VOILIER, Claude;Les Cinq font de la brocante;Bibliotheque rose
VOILIER, Claude;Les Cinq se mettent en quatre;Bibliotheque rose
VOILIER, Claude;Les Cinq dans la citÇ secräte ;Bibliotheque rose
VOILIER, Claude;La fortune sourit aux Cinq;Bibliotheque rose
VOILIER, Claude;Les Cinq et le rayon Z;Bibliotheque rose
VOILIER, Claude;Les Cinq vendent la peau de l'ours;Bibliotheque rose
VOILIER, Claude;Les Cinq aux rendez-vous du diable;Bibliotheque rose
VOILIER, Claude;Du neuf pour les Cinq ;Bibliotheque rose
VOILIER, Claude;Les Cinq et le diamant bleu;Bibliotheque rose
VOILIER, Claude;Les Cinq et le trÇsor de RoquÇpine;Bibliotheque rose
VOILIER, Claude;Les Cinq en croisiäre;Bibliotheque rose
VOILIER, Claude;Les Cinq jouent serrÇ;Bibliotheque rose
VOILIER, Claude;Les Cinq et le rubis d'Akbar;Bibliotheque rose
VOILIER, Claude;Les Cinq contre les fantìmes ;Bibliotheque rose
VOILIER, Claude;Les Cinq en Amazonie ;Bibliotheque rose
VOILIER, Claude;Les Cinq et le trÇsor du pirate;Bibliotheque rose
VOILIER, Claude;Les Cinq contre le loup-garou ;Bibliotheque rose
DEVELLE, Jeanne;ClÇmence et la pie qui siffle;Bibliotheque rose
DEVELLE, Jeanne;ClÇmence et la couleur des choses;Bibliotheque rose
DEVELLE, Jeanne;ClÇmence et les deux poneys;Bibliotheque rose
ROGGEVEEN, Leonard;Clodomir fait du patinage;Bibliotheque rose
ROGGEVEEN, Leonard;La barbe Ö Clodomir;Bibliotheque rose
ROGGEVEEN, Leonard;Clodomir fait le mÇnage;Bibliotheque rose
ROGGEVEEN, Leonard;Clodomir et sa chevrette;Bibliotheque rose
ROGGEVEEN, Leonard;Clodomir fait du stop;Bibliotheque rose
ROGGEVEEN, Leonard;Clodomir a fort Ö faire;Bibliotheque rose
ROGGEVEEN, Leonard;Clodomir fait du bricolage;Bibliotheque rose
ROGGEVEEN, Leonard;L'Anniversaire de Clodomir;Bibliotheque rose
ROGGEVEEN, Leonard;Clodomir marie son coq;Bibliotheque rose
ROGGEVEEN, Leonard;Clodomir et les oeufs de pÉques ;Bibliotheque rose
DESLANDES, AndrÇ;Coucourou le pigeon vert ;Bibliotheque rose
DESLANDES, AndrÇ;Coucourou et la panthäre des neiges;Bibliotheque rose
HILL, Tom;Le Mariage de Davy Crockett;Bibliotheque rose
HILL, Tom;Davy Crockett Ö Fort Alamo;Bibliotheque rose
HIMLEY, Fred;Davy Crockett et le Grand Sachem;Bibliotheque rose
HIMLEY, Fred;Davy Crockett et les bandits mexicains;Bibliotheque rose
HIMLEY, Fred;Davy Crockett et Faucon Noir;Bibliotheque rose
HIMLEY, Fred;Davy Crockett et l'imposteur;Bibliotheque rose
HIMLEY, Fred;Davy Crockett et l'espion anglais;Bibliotheque rose
HIMLEY, Fred;Le Triomphe de Davy Crockett;Bibliotheque rose
HIMLEY, Fred;Davy Crockett et les cinq fläches;Bibliotheque rose
HIMLEY, Fred;Davy Crockett et l'ennemi des visages pÉles;Bibliotheque rose
BONZON, Paul-Jacques;Diabolo le petit chat;Bibliotheque rose
BONZON, Paul-Jacques;Diabolo et la fleur qui sourit;Bibliotheque rose
BONZON, Paul-Jacques;Diabolo jardinier;Bibliotheque rose
BONZON, Paul-Jacques;Diabolo pompier;Bibliotheque rose
BONZON, Paul-Jacques;Diabolo et le cheval de bois;Bibliotheque rose
BONZON, Paul-Jacques;Diabolo pÉtissier;Bibliotheque rose
BONZON, Paul-Jacques;Diabolo sur la lune;Bibliotheque rose
HILDICK, E.W.;Dick Dickson : enquàtes en tous genres;Bibliotheque rose
HILDICK, E.W.;Dick Dickson lance un dÇfi;Bibliotheque rose
HILDICK, E.W.;Dick Dickson et le nain du cirque;Bibliotheque rose
HILDICK, E.W.;Dick Dickson et l'assassin des tourterelles;Bibliotheque rose
PAIRAULT, Suzanne;La Double enquàte de Domino;Bibliotheque rose
PAIRAULT, Suzanne;Domino au bal des voleurs;Bibliotheque rose
PAIRAULT, Suzanne;Domino photographe;Bibliotheque rose
PAIRAULT, Suzanne;Un mustang pour Domino;Bibliotheque rose
PAIRAULT, Suzanne;Domino sur la piste;Bibliotheque rose
PAIRAULT, Suzanne;Domino, l'Çtoile et les rubis;Bibliotheque rose
PAIRAULT, Suzanne;Domino fait coup double;Bibliotheque rose
PAIRAULT, Suzanne;La Grande croisiäre de Domino;Bibliotheque rose
PAIRAULT, Suzanne;Domino et le japonais ;Bibliotheque rose
PAIRAULT, Suzanne;Domino dans le souterrain;Bibliotheque rose
PAIRAULT, Suzanne;Domino et son double;Bibliotheque rose
DISNEY, Walt;Donald cherche fortune;Bibliotheque rose
DISNEY, Walt;Donald agent secret;Bibliotheque rose
DISNEY, Walt;Donald le tÇmÇraire;Bibliotheque rose
DISNEY, Walt;Donald et le vaisseau fantìme;Bibliotheque rose
DISNEY, Walt;Donald et la dragÇe bleue;Bibliotheque rose
CHALOPIN, Jean;Brigands Ö gogo;Bibliotheque rose
CHALOPIN, Jean;Les Risque-tout;Bibliotheque rose
CHALOPIN, Jean;Panique Sur Chatonville;Bibliotheque rose
CHALOPIN, Jean;Voyages lointains;Bibliotheque rose
VICTOR, Julia;Les Ballons du clown;Bibliotheque rose
VICTOR, Julia;Le Calumet de la paix;Bibliotheque rose
VICTOR, Julia;La Visite du Päre Noâl;Bibliotheque rose
VICTOR, Julia;La Cloche de PÉques;Bibliotheque rose
VICTOR, Julia;Lou et les jeux olympiques;Bibliotheque rose
BONZON, Paul-Jacques;L'Homme Ö la tourterelle;Bibliotheque rose
BONZON, Paul-Jacques;La Roulotte de l'aventure;Bibliotheque rose
BONZON, Paul-Jacques;Slalom sur la piste noire;Bibliotheque rose
BONZON, Paul-Jacques;L'Homme aux souris blanches;Bibliotheque rose
BONZON, Paul-Jacques;Les Espions du X-35;Bibliotheque rose
BONZON, Paul-Jacques;Le Cavalier de la mer;Bibliotheque rose
BONZON, Paul-Jacques;L'Homme au noeud papillon;Bibliotheque rose
CHAULET, Georges;Fantìmette Ö la Mer de Sable;Bibliotheque rose
CHAULET, Georges;Fantìmette contre la Main Jaune;Bibliotheque rose
CHAULET, Georges;Fantìmette dans le piäge;Bibliotheque rose
CHAULET, Georges;Fantìmette viendra ce soir;Bibliotheque rose
CHAULET, Georges;Fantìmette et le secret du dÇsert;Bibliotheque rose
CHAULET, Georges;Fantìmette et le Masque d'Argent;Bibliotheque rose
CHAULET, Georges;Fantìmette chez les corsaires;Bibliotheque rose
CHAULET, Georges;Fantìmette contre Charlemagne;Bibliotheque rose
CHAULET, Georges;Fantìmette et la grosse bàte;Bibliotheque rose
CHAULET, Georges;Fantìmette et le palais sous la mer;Bibliotheque rose
CHAULET, Georges;Fantìmette contre Diabola;Bibliotheque rose
CHAULET, Georges;Appelez Fantìmetteˇ!;Bibliotheque rose
CHAULET, Georges;OlÇ, Fantìmetteˇ!;Bibliotheque rose
CHAULET, Georges;Fantìmette brise la glace;Bibliotheque rose
CHAULET, Georges;Les Carnets de Fantìmette;Bibliotheque rose
CHAULET, Georges;C'est quelqu'un, Fantìmetteˇ!;Bibliotheque rose
CHAULET, Georges;Fantìmette dans l'espace;Bibliotheque rose
CHAULET, Georges;Fantìmette fait tout sauter;Bibliotheque rose
CHAULET, Georges;Fantastique Fantìmette;Bibliotheque rose
CHAULET, Georges;Fantìmette et les 40 milliards;Bibliotheque rose
CHAULET, Georges;L'Almanach de Fantìmette;Bibliotheque rose
CHAULET, Georges;Fantìmette en plein mystäre;Bibliotheque rose
CHAULET, Georges;Fantìmette et le mystäre de la tour;Bibliotheque rose
CHAULET, Georges;Fantìmette et le Dragon d'or;Bibliotheque rose
CHAULET, Georges;Fantìmette contre Satanix;Bibliotheque rose
CHAULET, Georges;Fantìmette et la couronne;Bibliotheque rose
CHAULET, Georges;Mission impossible pour Fantìmette;Bibliotheque rose
CHAULET, Georges;Fantìmette en danger;Bibliotheque rose
CHAULET, Georges;Fantìmette ouvre l'?il;Bibliotheque rose
CHAULET, Georges;Fantìmette et le chÉteau mystÇrieux;Bibliotheque rose
CHAULET, Georges;Fantìmette s'envole;Bibliotheque rose
CHAULET, Georges;C'est toi Fantìmetteˇ! ;Bibliotheque rose
BLYTON, Enid;FÇlicie en ballon;Bibliotheque rose
BLYTON, Enid;FÇlicie la souris;Bibliotheque rose
BLYTON, Enid;FÇlicie part en roulotte;Bibliotheque rose
BLYTON, Enid;La Croisiäre de FÇlicie;Bibliotheque rose
BLYTON, Enid;La Foràt enchantÇe;Bibliotheque rose
BLYTON, Enid;L'Arbre de tous les ailleurs;Bibliotheque rose
BLYTON, Enid;Rond de Lune et ses amis;Bibliotheque rose
BLYTON, Enid;Au pays du bonhomme casseroles;Bibliotheque rose
DERET, Jean-Claude;Gilles aux Champs-êlysÇes;Bibliotheque rose
DERET, Jean-Claude;Gilles Ö la Tour Eiffel;Bibliotheque rose
DERET, Jean-Claude;Gilles sur les bateaux-mouches;Bibliotheque rose
DERET, Jean-Claude;Gilles prend la Bastille;Bibliotheque rose
DERET, Jean-Claude;Gilles tourne Ö Notre-Dame;Bibliotheque rose
DERET, Jean-Claude;Gilles chasse aux tuileries;Bibliotheque rose
DERET, Jean-Claude;Gilles et les mystäres de l'observatoire;Bibliotheque rose
BURMAN, Ben Lucien;La Grande bataille de Grand-Bayou;Bibliotheque rose
BURMAN, Ben Lucien;Les Copains de Grand-Bayou;Bibliotheque rose
BURMAN, Ben Lucien;Alerte au loup Ö Grand-Bayou;Bibliotheque rose
BURMAN, Ben Lucien;Les Coyottes de Grand-Bayou;Bibliotheque rose
BURMAN, Ben Lucien;Adieu, Grand-Bayou;Bibliotheque rose
FOURNEL, Paul;Guignol est un malin;Bibliotheque rose
FOURNEL, Paul;Ce coquin de Guignol;Bibliotheque rose
FOURNEL, Paul;La Fortune de Guignol;Bibliotheque rose
FOURNEL, Paul;Les Bonnes affaires de Guignol;Bibliotheque rose
FOURNEL, Paul;Guignol se dÇguise;Bibliotheque rose
DISNEY, Walt;Hiawatha et le grand sorcier;Bibliotheque rose
DISNEY, Walt;Hiawatha et le lÇopard gris;Bibliotheque rose
DISNEY, Walt;Hiawatha et les trois remädes magiques;Bibliotheque rose
CHALOPIN, Jean;L?Inspecteur Gadget contre Docteur Gang;Bibliotheque rose
CHALOPIN, Jean;L?inspecteur Gadget se dÇbrouille;Bibliotheque rose
CHALOPIN, Jean;Les Astuces de L?inspecteur Gadget;Bibliotheque rose
CHALOPIN, Jean;L?inspecteur Gadget est un as;Bibliotheque rose
CHALOPIN, Jean;L?inspecteur Gadget passe Ö l?attaque;Bibliotheque rose
CHALOPIN, Jean;L?inspecteur Gadget est incroyable;Bibliotheque rose
CHALOPIN, Jean;L?inspecteur Gadget ne s?en fait pas;Bibliotheque rose
CHALOPIN, Jean;L?inspecteur Gadget est arrivÇ;Bibliotheque rose
CHALOPIN, Jean;L?Inspecteur Gadget chez les pirates;Bibliotheque rose
CHALOPIN, Jean;L?Inspecteur Gadget et la princesse;Bibliotheque rose
ROYER, Alain & BAUDRY, Emmanuel;Fantìmes en folie;Bibliotheque rose
ROYER, Alain & BAUDRY, Emmanuel;La Kermesse aux espions;Bibliotheque rose
ROYER, Alain & BAUDRY, Emmanuel;Un Prof Ö Çclipse;Bibliotheque rose
ROYER, Alain & BAUDRY, Emmanuel;L'Or du roi;Bibliotheque rose
ROYER, Alain & BAUDRY, Emmanuel;Micmac en êcosse;Bibliotheque rose
ROYER, Alain & BAUDRY, Emmanuel;Le Roi complote;Bibliotheque rose
ROYER, Alain & BAUDRY, Emmanuel;Un Mariage explosif ;Bibliotheque rose
ROYER, Alain & BAUDRY, Emmanuel;Chasse aux surdouÇs;Bibliotheque rose
YOURI;Le Monde enchantÇ d'Isabelle;Bibliotheque rose
YOURI;Isabelle et le Nain Jaune;Bibliotheque rose
YOURI;Isabelle et la bàte;Bibliotheque rose
YOURI;Isabelle et les sortiläges;Bibliotheque rose
YOURI;Isabelle et la maison qui chante;Bibliotheque rose
YOURI;Isabelle et le loup;Bibliotheque rose
BERRISFORD, Judith M.;Un poney pour Jackie;Bibliotheque rose
BERRISFORD, Judith M.;Jackie : noâl au manäge;Bibliotheque rose
BERRISFORD, Judith M.;Jackie : des filles, des garáons et des poneys;Bibliotheque rose
CHALOPIN, Jean;Jayce : copies non-conformes;Bibliotheque rose
CHALOPIN, Jean;Jayce et les conquÇrants de lumiäre;Bibliotheque rose
CHALOPIN, Jean;Jayce et les gens de glace;Bibliotheque rose
BLYTON, Enid;Jojo Lapin fait des farces;Bibliotheque rose
BLYTON, Enid;Jojo Lapin chez Maåtre Renard;Bibliotheque rose
BLYTON, Enid;Jojo Lapin roi des malins;Bibliotheque rose
BLYTON, Enid;Jojo Lapin et le crocodile;Bibliotheque rose
BLYTON, Enid;Jojo Lapin joue Ö cache-cache;Bibliotheque rose
BLYTON, Enid;Jojo Lapin fait le brave;Bibliotheque rose
BLYTON, Enid;Les Bons trucs de Jojo Lapin ;Bibliotheque rose
BLYTON, Enid;Jojo Lapin se rebiffe;Bibliotheque rose
Alain Royer et Emmanuel Baudry;Jojo Lapin contre-attaque;Bibliotheque rose
Alain Royer et Emmanuel Baudry;Jojo Lapin et la carotte magique;Bibliotheque rose
Alain Royer et Emmanuel Baudry;Jojo Lapin et le bonhomme de neige;Bibliotheque rose
Alain Royer et Emmanuel Baudry;Les Oreilles de Jojo Lapin;Bibliotheque rose
Alain Royer et Emmanuel Baudry;Jojo Lapin dÇtective;Bibliotheque rose
Alain Royer et Emmanuel Baudry;Jojo Lapin fait fortune;Bibliotheque rose
Alain Royer et Emmanuel Baudry;L'Anniversaire de Jojo Lapin ;Bibliotheque rose
WEST, Jerry;Les Jolivet et l'Çcho fantastique;Bibliotheque rose
WEST, Jerry;Les Jolivet et les 13 coups de minuit;Bibliotheque rose
WEST, Jerry;Les Jolivet au Colorado;Bibliotheque rose
WEST, Jerry;Le Ranch des Jolivet;Bibliotheque rose
WEST, Jerry;Les Jolivet et le cheval fantìme;Bibliotheque rose
WEST, Jerry;Les Jolivet trouvent le filon;Bibliotheque rose
BLYTON, Enid;Bravo les jumeaux !;Bibliotheque rose
BLYTON, Enid;Salut les jumeaux !;Bibliotheque rose
TAIKON, Katarina;Katitzi la Tzigane;Bibliotheque rose
TAIKON, Katarina;Katitzi et son chien;Bibliotheque rose
TAIKON, Katarina;Katitzi dans le nid de vipäres;Bibliotheque rose
TAIKON, Katarina;Katitzi a une amie;Bibliotheque rose
TAIKON, Katarina;Katitzi rit et pleure;Bibliotheque rose
TAIKON, Katarina;La Fugue de Katitzi;Bibliotheque rose
PAIRAULT, Suzanne;La RÇcompense de Lassie;Bibliotheque rose
PAIRAULT, Suzanne;Lassie dans le dÇsert;Bibliotheque rose
PAILLET, Serge;Le TrÇsor de Lassie ;Bibliotheque rose
PAIRAULT, Suzanne;Lassie et Priscilla;Bibliotheque rose
FISCHER, Marie-Louise;Laura et le fils du grand chef;Bibliotheque rose
FISCHER, Marie-Louise;Laura chez les cow-boys;Bibliotheque rose
THIêBOLD, Marguerite;Lili et le jeune gitan;Bibliotheque rose
THIêBOLD, Marguerite;Lili et le gondolier;Bibliotheque rose
THIêBOLD, Marguerite;Lili et la lettre cachÇe ;Bibliotheque rose
THIêBOLD, Marguerite;Lili et la rose d'or;Bibliotheque rose
THIêBOLD, Marguerite;Lili et le lion;Bibliotheque rose
THIêBOLD, Marguerite;Lili et les skis d'argent;Bibliotheque rose
THIêBOLD, Marguerite;Lili mäne la danse;Bibliotheque rose
THIêBOLD, Marguerite;Lili la fine mouche;Bibliotheque rose
THIêBOLD, Marguerite;Lili et la captive de l'åle;Bibliotheque rose
THIêBOLD, Marguerite;Lili et la voix mystÇrieuse;Bibliotheque rose
THIêBOLD, Marguerite;Lili et la jument grise;Bibliotheque rose
THIêBOLD, Marguerite;Lili lance un S.O.S.;Bibliotheque rose
THIêBOLD, Marguerite;Lili et la guitariste;Bibliotheque rose
THIêBOLD, Marguerite;Lili et la lorgnette de l'empereur;Bibliotheque rose
THIêBOLD, Marguerite;Lili et l'Çnigme de Rochenoire;Bibliotheque rose
FARRê, Marie-Raymond;La Petite fille qui s'appelait Malice;Bibliotheque rose
FARRê, Marie-Raymond;Malice et les gourmands de minuit;Bibliotheque rose
FARRê, Marie-Raymond;Malice au pays des bisbilles;Bibliotheque rose
BLYTON, Enid;Un cheval Ö Malory School;Bibliotheque rose
BLYTON, Enid;RÇveillon Ö Malory School;Bibliotheque rose
BLYTON, Enid;Du thÇatre Ö Malory School;Bibliotheque rose
BLYTON, Enid;Adieu Ö Malory School;Bibliotheque rose
FêRAUD, Marie;La Filiäre S.P.A.;Bibliotheque rose
FêRAUD, Marie;La Sorciäre de KerguÇlen;Bibliotheque rose
FêRAUD, Marie;TÇlÇpirate Ö votre service;Bibliotheque rose
FêRAUD, Marie;Deux petits mendiants;Bibliotheque rose
FêRAUD, Marie;Panique sur la citizen band;Bibliotheque rose
BAUDRY, Emmanuel;Les Ràves du prÇsident Songecreu;Bibliotheque rose
BAUDRY, Emmanuel;Les Rugissements de M. LÇo LÇopart;Bibliotheque rose
DISNEY, Walt;La Maison de Mickey;Bibliotheque rose
DISNEY, Walt;Mickey Strogoff;Bibliotheque rose
DISNEY, Walt;Mickey champion olympique;Bibliotheque rose
DISNEY, Walt;Mickey et son bolide;Bibliotheque rose
DISNEY, Walt;Mickey et les bijoux de la reine;Bibliotheque rose
DISNEY, Walt;Mickey roi des dÇtectives;Bibliotheque rose
DISNEY, Walt;Mickey et le python impitoyable;Bibliotheque rose
DISNEY, Walt;Mickey et le chien de Basketville ;Bibliotheque rose
DISNEY, Walt;Mickey et le Masque d'Acier;Bibliotheque rose
SCHEFFLER, Ursel;La Grand-märe shÇrif;Bibliotheque rose
SCHEFFLER, Ursel;Le TrÇsor de l'ancienne mine;Bibliotheque rose
SCHEFFLER, Ursel;Le Cavalier noir;Bibliotheque rose
WOLMARK, Nina;Les Mondes engloutis;Bibliotheque rose
WOLMARK, Nina;Le Club pirate;Bibliotheque rose
WOLMARK, Nina;Objectif Arkadia;Bibliotheque rose
WOLMARK, Nina;Rebecca, pirate du lac;Bibliotheque rose
WOLMARK, Nina;Le Secret du Shagma;Bibliotheque rose
LEGRAND, RenÇe;Mousse et les trois brigands;Bibliotheque rose
LEGRAND, RenÇe;Mousse et le valet de carreau;Bibliotheque rose
LEGRAND, RenÇe;Mousse monte sur les planches;Bibliotheque rose
LEGRAND, RenÇe;Mousse dans l'åle aux Rascasses;Bibliotheque rose
GONTIER, Josette;Nils Holgersson et Smirre le renard;Bibliotheque rose
GONTIER, Josette;Nils Holgersson et les oies sauvages;Bibliotheque rose
GONTIER, Josette;Nils Holgersson et son ami l'aigle;Bibliotheque rose
GONTIER, Josette;Nils Holgersson rentre Ö la maison;Bibliotheque rose
GONTIER, Josette;Les Incroyables rencontres de Nils Holgersson;Bibliotheque rose
LAYDU, Claude;Nounours GÇnÇral;Bibliotheque rose
LAYDU, Claude;Nounours pilote de course;Bibliotheque rose
LAYDU, Claude;Nounours dÇtective;Bibliotheque rose
LAYDU, Claude;Nounours chez les indiens;Bibliotheque rose
LAYDU, Claude;Nounours fait de la magie;Bibliotheque rose
LAYDU, Claude;Nounours motocycliste;Bibliotheque rose
LAYDU, Claude;Nounours et la montre ensorcelÇe;Bibliotheque rose
DISNEY, Walt;Les Aristochats;Bibliotheque rose
DISNEY, Walt;La Belle au bois dormant;Bibliotheque rose
DISNEY, Walt;La Belle et le clochard;Bibliotheque rose
DISNEY, Walt;La Cane aux ?ufs d'or;Bibliotheque rose
DISNEY, Walt;Pinocchio;Bibliotheque rose
DISNEY, Walt;Robin des bois;Bibliotheque rose
DISNEY, Walt;Bambi;Bibliotheque rose
DISNEY, Walt;Le Livre de la jungle;Bibliotheque rose
DISNEY, Walt;Alice au pays des merveilles;Bibliotheque rose
DISNEY, Walt;Les Aventures de Bernard et Bianca;Bibliotheque rose
DISNEY, Walt;Dingo navigateur malgrÇ lui;Bibliotheque rose
DISNEY, Walt;Rox et Rouky;Bibliotheque rose
DISNEY, Walt;Le Trou noir;Bibliotheque rose
DISNEY, Walt;Taram et le chaudron magique;Bibliotheque rose
BISCHOFF, David;Wargames;Bibliotheque rose
FISCHER, Marie-Louise;L'Impossible Isabelle;Bibliotheque rose
RAUZIER-FONTAYNE, Lucie;La Petite fille Ö la guitare;Bibliotheque rose
DENNEBORG, Maria;Grisella le petit Éne;Bibliotheque rose
DISNEY, Walt;L'Apprentie sorciäre;Bibliotheque rose
WINTERFIELD, Henry;Les DÇbrouillards de Timpelpach;Bibliotheque rose
RAUZIER-FONTAYNE, Lucie;Une chance sur mille;Bibliotheque rose
BLYTON, Enid;Le Mystäre des sept coffres;Bibliotheque rose
LINDGREN, Astrid;Zozo la tornade;Bibliotheque rose
VILDRAC, Charles;Bridinette;Bibliotheque rose
LEWIS, C.S.;Le Lion et la sorciäre blanche;Bibliotheque rose
LEWIS, C.S.;Prince Caspian;Bibliotheque rose
FISCHER, Marie-Louise;Les Caprices de Brigitte;Bibliotheque rose
RAUZIER-FONTAYNE, Lucie;La Petite fille aux marionnettes;Bibliotheque rose
FELD, FrÇdÇric;L'Auberge des magiciens;Bibliotheque rose
RAUZIER-FONTAYNE, Lucie;Moka l'ourson voyageur;Bibliotheque rose
ANDERSEN, Hans Christian;Contes d'Andersen;Bibliotheque rose
GOUDET, Jacqueline;Il court, il court, FrÇdÇric;Bibliotheque rose
DERET, Jean-Claude;AnÇmone et les papillons;Bibliotheque rose
BURNETT, Frances H.;Le Petit lord Fauntleroy;Bibliotheque rose
RUCK-PAUQUET, Gina;Un Éne dans la maison;Bibliotheque rose
BURNETT, Frances H.;Petite princesse;Bibliotheque rose
SLEIGH, Barbara;Les 99 dragons;Bibliotheque rose
PROCHAZKA, Jan;La Carpe de noâl;Bibliotheque rose
RODARI, Gianni;La Tarte volante;Bibliotheque rose
MOL‘NES, Thalie de;Cent amis pour Matilda;Bibliotheque rose
RAUZIER-FONTAYNE, Lucie;La Maison des trois girouettes;Bibliotheque rose
WEIR, Rosemary;Le Plus petit chien du monde;Bibliotheque rose
DISNEY, Walt;Winnie l'ourson dans le vent;Bibliotheque rose
BIEGEL, Paul;La Table de 7;Bibliotheque rose
CHRISTIAN, Mary Blount;Il a du flair, Babylas !;Bibliotheque rose
KOVAL, Youri;Le renard bleu s'est ÇchappÇ;Bibliotheque rose
VALABR‘GUE, Jackie;Vacances irlandaises;Bibliotheque rose
DAGBERT, Anne;Les Farfelus de Bois-Lulu;Bibliotheque rose
RODARI, Gianni;La Fläche d'azur;Bibliotheque rose
FISCHER, Marie-Louise;Nicole et son club;Bibliotheque rose
RAUZIER-FONTAYNE, Lucie;Le Garáon qui en savait trop;Bibliotheque rose
RUCK-PAUQUET, Gina;La Queue d'une souris dans l'oreille d'un chat;Bibliotheque rose
DISNEY, Walt;Peter et Elliott le dragon;Bibliotheque rose
DISNEY, Walt;Les Trois Caballeros;Bibliotheque rose
PREUSSLER, Otfried;Une dÇlicieuse petite sorciäre;Bibliotheque rose
SIMMEL, Johannes Mario;Un autocar grand comme le monde;Bibliotheque rose
DALY, Kathleen;Anne et Andy;Bibliotheque rose
KRUSE, Max;Sa MajestÇ Minimìme 1er;Bibliotheque rose
RICHLER, Mordecai;Qui a peur de Croquemoutard ?;Bibliotheque rose
SIMMEL, Johannes Mario;Si ma märe savait áa !;Bibliotheque rose
REIT, Seymour;Philibert, le lÇzard vert;Bibliotheque rose
GERMAIN, Noâl;Le Prince Saphir;Bibliotheque rose
DERET, Jean-Claude;Les premiäres armes de Thierry la Fronde;Bibliotheque rose
VALABR‘GUE, Jackie;Aliocha, cheval de steppe;Bibliotheque rose
SIMMEL, Johannes Mario;DÇfense de pleurer;Bibliotheque rose
DEPOORTER, RÇmi;Koadi et le tigre noir;Bibliotheque rose
DILLON, Eilis;Les Garáons de l'åle aux renards;Bibliotheque rose
FELD, FrÇdÇric;Le Clown qui vendait des bonbons;Bibliotheque rose
POTTHOFF, Margot;Le zoo fabuleux de tonton Alexandre;Bibliotheque rose
PREUSSLER, Otfried;Le Petit fantìme;Bibliotheque rose
VALABR‘GUE, Jackie;El Moro, chien de torero;Bibliotheque rose
FONTAN, Anne-Marie;Trois hommes, deux filles et un piano;Bibliotheque rose
TOWNSEND, John R.;A chat perchÇ sur un gratte-ciel;Bibliotheque rose
INKIOW, Dimiter;L'Inspecteur Leflair et les 24 nains;Bibliotheque rose
BUHLER, Claudine;Une cocarde pour mirabelle;Bibliotheque rose
FONCLARE, Yvette de;L'Enfant des Çtoiles;Bibliotheque rose
LASFARGEAS, Lucienne;Thomas l'insolent;Bibliotheque rose
JOUANNA, Danielle;Bien jouÇ, 001 !;Bibliotheque rose
SêCHAN, Olivier;Charlotte et Sirocco;Bibliotheque rose
ROYER, Alain & BAUDRY, Emmanuel;Les Palissades de la rue Longuepente;Bibliotheque rose
GUILLOT, RenÇ;Le Prince sauvage;Bibliotheque rose
INKIOW, Dimiter;Voyage en PÇpÇronie;Bibliotheque rose
RODARI, Gianni;Benjamin au pays des menteurs;Bibliotheque rose
SPYRI, Johanna;Heidi;Bibliotheque rose
LESCURE, Pierre;A nous la radio !;Bibliotheque rose
NICET, Max;Les Brebis du diable;Bibliotheque rose
HURWITZ, Johanna;CÇcile, Nicolas et les autres;Bibliotheque rose
VALABR‘GUE, Jackie;L'Archet magique;Bibliotheque rose
BLYTON, Enid;Le Mystäre du 6e portrait;Bibliotheque rose
BIEGEL, Paul;Les Joyeux fantìmes de Hurleloup;Bibliotheque rose
NICET, Max;L'Abricot de mai;Bibliotheque rose
FLEISCHMAN, Sid;Le Mont Faribole;Bibliotheque rose
REIT, Seymour;Pour l'honneur d'un fantìme;Bibliotheque rose
DISNEY, Walt;Tron;Bibliotheque rose
WHITTINGTON, K.R.;Les Maladresses d'Oscar Belloie;Bibliotheque rose
WHITTINGTON, K.R.;Oscar Belloie fait des siennes;Bibliotheque rose
WHITTINGTON, K.R.;Oscar Belloie, prends garde Ö toi !;Bibliotheque rose
BLYTON, Enid;Oui-Oui Ö la fàte;Bibliotheque rose
BLYTON, Enid;Oui-Oui et son grelot;Bibliotheque rose
BLYTON, Enid;Oui-Oui et M. Grosminou;Bibliotheque rose
BLYTON, Enid;Oui-Oui s'envole;Bibliotheque rose
BLYTON, Enid;Oui-Oui et la girafe rose;Bibliotheque rose
BLYTON, Enid;Oui-Oui et les trois lutins;Bibliotheque rose
BLYTON, Enid;Oui-Oui fait les courses;Bibliotheque rose
BLYTON, Enid;Oui-Oui dÇcroche la lune;Bibliotheque rose
BLYTON, Enid;Oui-Oui et le kangourou;Bibliotheque rose
BLYTON, Enid;Oui-Oui Ö la ferme;Bibliotheque rose
BLYTON, Enid;Oui-Oui et les ours en peluche;Bibliotheque rose
BLYTON, Enid;Les Vacances de Oui-Oui;Bibliotheque rose
MORVAN, Louis;Oum, le dauphin blanc;Bibliotheque rose
MORVAN, Louis;Oum et la princesse des åles;Bibliotheque rose
MORVAN, Louis;Oum, chevalier des mers;Bibliotheque rose
BIEGEL, Paul;Le Petit capitaine;Bibliotheque rose
BIEGEL, Paul;Le Petit capitaine au pays des Sept Tours;Bibliotheque rose
BIEGEL, Paul;Le Petit capitaine et le trÇsor du pirate;Bibliotheque rose
CHAULET, Georges;Le Petit Lion Tourne un Grand Film;Bibliotheque rose
CHAULET, Georges;Le Petit Lion Ö l?Çcole;Bibliotheque rose
CHAULET, Georges;Le Petit Lion Inventeur;Bibliotheque rose
CHAULET, Georges;Le Petit Lion Cow-Boy;Bibliotheque rose
CHAULET, Georges;Le Petit Lion Grand Chasseur;Bibliotheque rose
CHAULET, Georges;Le Petit Lion au Palais des Merveilles;Bibliotheque rose
CHAULET, Georges;Le Petit Lion et les Sept Pingouins;Bibliotheque rose
GRêE, Alain;Bonne chance, petit Panda !;Bibliotheque rose
GRêE, Alain;Petit Panda sur l'åle dÇserte;Bibliotheque rose
SOMMER-BODENBURG, Angela;Le Petit vampire dÇmÇnage;Bibliotheque rose
SOMMER-BODENBURG, Angela;Les Visites du petit vampire;Bibliotheque rose
SOMMER-BODENBURG, Angela;Le Petit vampire part en vacances;Bibliotheque rose
SOMMER-BODENBURG, Angela;Les Drìles de vacances du petit vampire;Bibliotheque rose
DISNEY, Walt;ExpÇdition Picsou;Bibliotheque rose
DISNEY, Walt;Picsou et son or;Bibliotheque rose
DISNEY, Walt;Picsou met le fantìme en boåte;Bibliotheque rose
DISNEY, Walt;Picsou fait le tour du monde;Bibliotheque rose
DISNEY, Walt;Picsou dans l'espace;Bibliotheque rose
DISNEY, Walt;Picsou devient fou;Bibliotheque rose
DISNEY, Walt;Picsou, Donald et la sorciäre;Bibliotheque rose
KRUSE, Max;Plodoc, diplodocus de choc;Bibliotheque rose
KRUSE, Max;Plodoc en plongÇe;Bibliotheque rose
KRUSE, Max;Plodoc et la planäte inconnue;Bibliotheque rose
KRUSE, Max;Plodoc est plein d'aplomb;Bibliotheque rose
KRUSE, Max;Plodoc au Pìle Nord;Bibliotheque rose
DANOT, Serge;Pollux et le chat bleu;Bibliotheque rose
DANOT, Serge;Pollux docteur;Bibliotheque rose
DANOT, Serge;Pollux maåtre nageur;Bibliotheque rose
DANOT, Serge;Pollux mäne l'enquàte;Bibliotheque rose
DANOT, Serge;Pollux et le tapis volant;Bibliotheque rose
DANOT, Serge;Pollux circus;Bibliotheque rose
AUBRY, CÇcile;Poly en Espagne;Bibliotheque rose
AUBRY, CÇcile;Poly en Tunisie;Bibliotheque rose
AUBRY, CÇcile;Poly et le mystäre de l'oasis;Bibliotheque rose
AUBRY, CÇcile;Poly, la rose et le mendiant;Bibliotheque rose
AUBRY, CÇcile;Poly au Portugal;Bibliotheque rose
AUBRY, CÇcile;Poly au festival pop;Bibliotheque rose
AUBRY, CÇcile;Poly et le secret des sept Çtoiles;Bibliotheque rose
AUBRY, CÇcile;Poly superstar;Bibliotheque rose
AUBRY, CÇcile;Poly s'amuse;Bibliotheque rose
AUBRY, CÇcile;Poly Ö Paris;Bibliotheque rose
AUBRY, CÇcile;Poly en Irlande;Bibliotheque rose
AUBRY, CÇcile;Poly au QuÇbec;Bibliotheque rose
AUBRY, CÇcile;Poly, champion des motards;Bibliotheque rose
AUBRY, CÇcile;Poly fait scandale;Bibliotheque rose
AUBRY, CÇcile;Poly se fache;Bibliotheque rose
AUBRY, CÇcile;Poly amoureux;Bibliotheque rose
CHAULET, Georges;Le Prince Charmant chez la fÇe Pervenche;Bibliotheque rose
CHAULET, Georges;Le TrÇsor du prince Charmant;Bibliotheque rose
CHAULET, Georges;Le Prince Charmant et le magicien;Bibliotheque rose
CHAULET, Georges;Le Prince Charmant contre la Sorciäre Verte;Bibliotheque rose
CHAULET, Georges;Le Prince Charmant face au gÇant;Bibliotheque rose
CHAULET, Georges;Le Prince Charmant et les sept princesses;Bibliotheque rose
CHAULET, Georges;Le Prince Charmant et le cheval volant;Bibliotheque rose
BLYTON, Enid;Les Robinsons de l'ile perdue;Bibliotheque rose
BLYTON, Enid;Une nouvelle aventure des Robinsons;Bibliotheque rose
CARRIERE, Huguette;Les 36 bonheurs de Sandrine;Bibliotheque rose
CARRIERE, Huguette;Les 107 problämes de Sandrine;Bibliotheque rose
MALOT, Hector;RÇmi, fils de personne;Bibliotheque rose
MALOT, Hector;RÇmi a des amis;Bibliotheque rose
MALOT, Hector;RÇmi cherche les siens;Bibliotheque rose
LALLEMAND, Evelyne;Les Sept Ö la chasse au lion;Bibliotheque rose
LALLEMAND, Evelyne;Les Sept font du cinÇma;Bibliotheque rose
LALLEMAND, Evelyne;Les Sept et le magicien;Bibliotheque rose
LALLEMAND, Evelyne;Les Sept sont dans de beaux draps;Bibliotheque rose
LALLEMAND, Evelyne;Les Sept et les bulldozers;Bibliotheque rose
LALLEMAND, Evelyne;Les Sept et la dÇesse d'or;Bibliotheque rose
LALLEMAND, Evelyne;Les Sept et les soucoupes volantes;Bibliotheque rose
LALLEMAND, Evelyne;Les Sept Ö 200 Ö l'heure;Bibliotheque rose
LALLEMAND, Evelyne;Les Sept ne croient pas au Päre Noâl;Bibliotheque rose
LALLEMAND, Evelyne;Les Sept saluent Lucky Star;Bibliotheque rose
LALLEMAND, Evelyne;Les Sept et la boule de cristal;Bibliotheque rose
LALLEMAND, Evelyne;Les Sept dans la maison hantÇe;Bibliotheque rose
JANE, Mary C.;Le Secret des trois Çclairs;Bibliotheque rose
JANE, Mary C.;Le Secret des ?illets bleus;Bibliotheque rose
JANE, Mary C.;Le Secret du cap des brumes;Bibliotheque rose
JANE, Mary C.;Le Secret du clair de lune;Bibliotheque rose
JANE, Mary C.;Le Secret du campanile;Bibliotheque rose
JANE, Mary C.;Le Secret du vieux pont de bois;Bibliotheque rose
FOURNEL, Paul;Superchat contre Vilmatou;Bibliotheque rose
FOURNEL, Paul;Superchat et les karatÇchats;Bibliotheque rose
FOURNEL, Paul;Joyeux Noâl, Superchat !;Bibliotheque rose
FOURNEL, Paul;Superchat et les chats pitres;Bibliotheque rose
DISNEY, Walt;Les Malices de Tic et Tac;Bibliotheque rose
DISNEY, Walt;Tic et Tac dÇtectives;Bibliotheque rose
DISNEY, Walt;Hardis, Tic Et Tac;Bibliotheque rose
DISNEY, Walt;Tic et Tac Ö l'Çcole;Bibliotheque rose
WOLF, Stephan;La Chasse aux voleurs;Bibliotheque rose
WOLF, Stephan;La Fantìme Ö la moto;Bibliotheque rose
WOLF, Stephan;Le Paquet Ö la tàte de mort;Bibliotheque rose
WOLF, Stephan;Le Voyant aveugle;Bibliotheque rose
WOLF, Stephan;Un trÇsor tombÇ du ciel;Bibliotheque rose
WOLF, Stephan;Les Durs de la 4e A;Bibliotheque rose
WOLF, Stephan;Une affaire en or;Bibliotheque rose
WOLF, Stephan;Les Braconniers du clair de lune;Bibliotheque rose
WOLF, Stephan;Halte au chantage;Bibliotheque rose
WOLF, Stephan;Nuits de feu;Bibliotheque rose
WOLF, Stephan;Punks et fausse monnaie;Bibliotheque rose
WOLF, Stephan;Fric-frac au musÇe;Bibliotheque rose
WOLF, Stephan;Le Voleur de cheveux;Bibliotheque rose
WOLF, Stephan;Fausses jumelles et vraies sosies;Bibliotheque rose
WOLF, Stephan;X 8 ne rÇpond plus;Bibliotheque rose
CARRIERE, Huguette;Tony et l'Çnigme de la Zimbollina;Bibliotheque rose
CARRIERE, Huguette;Tony et l'homme invisible;Bibliotheque rose
CARRIERE, Huguette;Tony et le masque aux yeux verts;Bibliotheque rose
CARRIERE, Huguette;Tony et le garáon de l'autre planäte;Bibliotheque rose
CARRIERE, Huguette;Tony et le secret du cormoran ;Bibliotheque rose
CARRIERE, Huguette;Tony sur l'åle interdite;Bibliotheque rose
CARRIERE, Huguette;Tony et l'homme en habit;Bibliotheque rose
CARRIERE, Huguette;Tony et le transistor;Bibliotheque rose
CARRIERE, Huguette;Tony et la maison des ombres;Bibliotheque rose
CARRIERE, Huguette;Tony et les gens du voyage;Bibliotheque rose
CARRIERE, Huguette;Tony läve les masques;Bibliotheque rose
CARRIERE, Huguette;Tony et les drìles de pistolets;Bibliotheque rose
CARRIERE, Huguette;Tony et la citÇ en folie;Bibliotheque rose
CARRIERE, Huguette;Tony et la perle noire;Bibliotheque rose
CARRIERE, Huguette;Tony et le secret des pendules;Bibliotheque rose
CARRIERE, Huguette;Tony tire les ficelles;Bibliotheque rose
CARRIERE, Huguette;Tony et la valise fantìme;Bibliotheque rose
CARRIERE, Huguette;Tony et le secret du gardian;Bibliotheque rose
CARRIERE, Huguette;Tony au carnaval des robots;Bibliotheque rose
DISNEY, Walt;Les Trois petits cochons;Bibliotheque rose
DISNEY, Walt;Les Trois petits cochons et le grand mÇchant loup;Bibliotheque rose
DISNEY, Walt;L'Avion des trois petits cochons ;Bibliotheque rose
DISNEY, Walt;Les Trois petits cochons et les lunettes magiques;Bibliotheque rose
DISNEY, Walt;Les Trois petits cochons en voyage;Bibliotheque rose
DISNEY, Walt;Les Trois petits cochons aux bains de mer;Bibliotheque rose
DISNEY, Walt;Les trois petits cochons font la fàte;Bibliotheque rose
DISNEY, Walt;La Cabane des trois petits cochons;Bibliotheque rose
DISNEY, Walt;Les Trois petits cochons aux sports d'hiver;Bibliotheque rose
DISNEY, Walt;Les Trois petits cochons aux Olympiades;Bibliotheque rose
DISNEY, Walt;Les trois petits cochons vont voter;Bibliotheque rose
CHALOPIN, Jean et WOLMARK, Nina;La Planäte perdue;Bibliotheque rose
CHALOPIN, Jean et WOLMARK, Nina;La Trahison d'HÇratos;Bibliotheque rose
CHALOPIN, Jean et WOLMARK, Nina;La RÇvolte des compagnons;Bibliotheque rose
CHALOPIN, Jean et WOLMARK, Nina;Le Sphinx;Bibliotheque rose
CHALOPIN, Jean et WOLMARK, Nina;Les Lestrygons;Bibliotheque rose
CHALOPIN, Jean et WOLMARK, Nina;La CitÇ de Cortex;Bibliotheque rose
JONSSON, Runer;Vic, le Viking;Bibliotheque rose
JONSSON, Runer;Vic le Viking chez les Peaux-rouges;Bibliotheque rose
JONSSON, Runer;Vic le Viking chez les Grands-bretons;Bibliotheque rose
JONSSON, Runer;Vic le Viking chez les Bougres;Bibliotheque rose
JONSSON, Runer;Vic le Viking contre les Burduses;Bibliotheque rose
JONSSON, Runer;Vic le Viking fait la loi;Bibliotheque rose
CHAPMAN, Elizabeth;ZÇphyrin, le petit camion;Bibliotheque rose
CHAPMAN, Elizabeth;Le Grand voyage de ZÇphyrin;Bibliotheque rose
CHAPMAN, Elizabeth;ZÇphyrin prend la route;Bibliotheque rose
CHAPMAN, Elizabeth;ZÇphyrin va au zoo;Bibliotheque rose
CHAPMAN, Elizabeth;ZÇphyrin fait de la vitesse;Bibliotheque rose
CHAPMAN, Elizabeth;Un tour d'honneur pour ZÇphyrin;Bibliotheque rose
CHAPMAN, Elizabeth;ZÇphyrin et l'ÇlÇphant;Bibliotheque rose
CHAPMAN, Elizabeth;ZÇphyrin traverse la mer;Bibliotheque rose
DISNEY CHANNEL;Zorro;Bibliotheque rose
DISNEY CHANNEL;Zorro arrive;Bibliotheque rose
DISNEY CHANNEL;Zorro contre le gouverneur ;Bibliotheque rose
DISNEY CHANNEL;Le Retour de Zorro;Bibliotheque rose
DISNEY CHANNEL;Zorro et le sergent Garcia;Bibliotheque rose
DISNEY CHANNEL;L'êpÇe de Zorro;Bibliotheque rose
